"Michael  Ovitz > Creative Artists Agency, LLC > Relationship TreeRelationship Types: Board/Professional/Personal Relationships with Priors",,,,,,,,,,,,,,
,,,,,,,,,,,,,,
"Ovitz, Michael  (Prior) - Doppelganger, Inc.: Member of Board of Advisor",,,,,,,,,,,,,,
"Creative Artists Agency, LLC",,,,,,,,,,,,,,
Top Key Executive (Prior),,,,,,,,,,,,,,
"Doppelganger, Inc.",,,,,,,,,,,,,,
"Other Relationships: 1 Inside Board, 10 Outside Board, 7 Professional",,,,,,,,,,,,,,
,"Littlefield, Andrew",,,,,,,,,,,,,
,Top Key Executive,,,,,,,,,,,,,
,Other Relationships: 1 Professional,,,,,,,,,,,,,
,"Davis, Fred  - ARTISTdirect, Inc.: Director",,,,,,,,,,,,,
,Member of Advisory Board,,,,,,,,,,,,,
,Other Relationships: 1 Professional,,,,,,,,,,,,,
,"Holt, Courtney William - Maker Studios, Inc.: Head of Maker Studios and Executive Vice President",,,,,,,,,,,,,
,Member of Advisory Board,,,,,,,,,,,,,
,Other Relationships: 2 Professional,,,,,,,,,,,,,
,"Levinsohn, Ross B. - Scout Media, Inc.: Executive Chairman",,,,,,,,,,,,,
,Member of the Board of Directors,,,,,,,,,,,,,
,Other Relationships: 16 Professional,,,,,,,,,,,,,
,"Rosenberg, Paul  - Def Jam Recordings, Inc.: Chief Executive Officer",,,,,,,,,,,,,
,Member of Advisory Board,,,,,,,,,,,,,
,Other Relationships: 1 Professional,,,,,,,,,,,,,
,"Schiff, David",,,,,,,,,,,,,
,Member of Advisory Board,,,,,,,,,,,,,
,0 Other Relationships,,,,,,,,,,,,,
,"Simoudis, Evangelos - Synapse Partners: Co-Founder & MD",,,,,,,,,,,,,
,Member of the Board of Directors,,,,,,,,,,,,,
,Other Relationships: 8 Professional,,,,,,,,,,,,,
,"Stavropoulos, Andreas  - Threshold Ventures: Partner",,,,,,,,,,,,,
,Member of the Board of Directors,,,,,,,,,,,,,
,Other Relationships: 3 Professional,,,,,,,,,,,,,
,"Stevens, Timothy J. - QuinStreet, Inc.: Senior Vice President",,,,,,,,,,,,,
,Member of the Board of Directors,,,,,,,,,,,,,
,Other Relationships: 3 Professional,,,,,,,,,,,,,
,"Vannelli, Vince  - KPG Ventures: Founder and Managing Partner",,,,,,,,,,,,,
,Member of the Board of Directors,,,,,,,,,,,,,
,Other Relationships: 3 Professional,,,,,,,,,,,,,
,"Rolnick, Michael P. - PLAYSTUDIOS, Inc.: Founder",,,,,,,,,,,,,
,Member of the Board of Directors (Prior),,,,,,,,,,,,,
,Other Relationships: 4 Professional,,,,,,,,,,,,,
,"Lee, James",,,,,,,,,,,,,
,Top Key Executive,,,,,,,,,,,,,
,0 Other Relationships,,,,,,,,,,,,,
,"Scheel, Eric",,,,,,,,,,,,,
,Chief Operating Officer,,,,,,,,,,,,,
,0 Other Relationships,,,,,,,,,,,,,
,"Krauss, Evan  - Ranker, LLC: Senior Vice President of Global Sales",,,,,,,,,,,,,
,Head of Corporate Development (Prior),,,,,,,,,,,,,
,Other Relationships: 8 Professional,,,,,,,,,,,,,
,"Green, John",,,,,,,,,,,,,
,Other Key Executive (Prior),,,,,,,,,,,,,
,0 Other Relationships,,,,,,,,,,,,,
,"Halpern, Eric - DNA Games Incorporated: Chief Technology Officer",,,,,,,,,,,,,
,Other Key Executive (Prior),,,,,,,,,,,,,
,Other Relationships: 2 Professional,,,,,,,,,,,,,
,"Lee, Christopher D. - En Masse Entertainment, Inc.: Chief Executive Officer",,,,,,,,,,,,,
,Other Key Executive (Prior),,,,,,,,,,,,,
,Other Relationships: 1 Professional,,,,,,,,,,,,,
,"Settle, Dana R. - Greycroft Partners LLC: Co-Founding Partner & Director",,,,,,,,,,,,,
,Other Professional (Prior),,,,,,,,,,,,,
,Other Relationships: 6 Professional,,,,,,,,,,,,,
Gulfstream Aerospace Corporation,,,,,,,,,,,,,,
"Other Relationships: 7 Inside Board, 16 Outside Board, 82 Professional",,,,,,,,,,,,,,
,"Forstmann, Theodore J.",,,,,,,,,,,,,
,Chairman of the Board (Prior),,,,,,,,,,,,,
,Other Relationships: 2 Professional,,,,,,,,,,,,,
,"Moss, Bryan T. - Jet Support Services, Inc.: Vice-Chairman and Member of Advisory Board",,,,,,,,,,,,,
,Vice Chairman (Prior),,,,,,,,,,,,,
,0 Other Relationships,,,,,,,,,,,,,
,"Boisture, Worth W. - Global Jet Capital, Inc.: Senior Advisor",,,,,,,,,,,,,
,President (Prior),,,,,,,,,,,,,
,Other Relationships: 10 Professional,,,,,,,,,,,,,
,"Davis, Chris A. - Aviall Inc.: Director",,,,,,,,,,,,,
,Chief Financial Officer (Prior),,,,,,,,,,,,,
,Other Relationships: 3 Professional,,,,,,,,,,,,,
,"Ard, Mark",,,,,,,,,,,,,
,Senior Key Executive (Prior),,,,,,,,,,,,,
,0 Other Relationships,,,,,,,,,,,,,
,"Chabraja, Nicholas D. - General Dynamics Land Systems Inc.: Chairman and Chief Executive Officer",,,,,,,,,,,,,
,Unit CEO (Prior),,,,,,,,,,,,,
,Other Relationships: 1 Professional,,,,,,,,,,,,,
,"Paulson, Allen E.",,,,,,,,,,,,,
,Unit CEO (Prior),,,,,,,,,,,,,
,0 Other Relationships,,,,,,,,,,,,,
,"Anderson, Robert E. - Bank of America Corporation: Former Director",,,,,,,,,,,,,
,Member of the Board of Directors (Prior),,,,,,,,,,,,,
,0 Other Relationships,,,,,,,,,,,,,
,"Beers, Charlotte L. - A.S. Roma S.P.A.: Independent Director",,,,,,,,,,,,,
,Member of the Board of Directors (Prior),,,,,,,,,,,,,
,0 Other Relationships,,,,,,,,,,,,,
,"Bell, Thomas D. - Mesa Capital Partners, LLC: Chairman",,,,,,,,,,,,,
,Member of the Board of Directors (Prior),,,,,,,,,,,,,
,Other Relationships: 3 Professional,,,,,,,,,,,,,
,"De Rothschild, Lynn Forester - LNG Holdings S.A.: Co-Chairman of the Board",,,,,,,,,,,,,
,Member of the Board of Directors (Prior),,,,,,,,,,,,,
,Other Relationships: 2 Professional,,,,,,,,,,,,,
,"Forester, Lynn - LNG Holdings S.A.: Co-Chairman, Co-CEO of FirstMark Communications International L L C &...",,,,,,,,,,,,,
,Member of the Board of Directors (Prior),,,,,,,,,,,,,
,0 Other Relationships,,,,,,,,,,,,,
,"Forstmann, Nicholas C. - Forstmann Little & Co.: Former Co-Founder and General Partner",,,,,,,,,,,,,
,Member of the Board of Directors (Prior),,,,,,,,,,,,,
,Other Relationships: 1 Professional,,,,,,,,,,,,,
,"Horbach, Sandra J. - The Carlyle Group Inc.: MD & Co-Head of U.S. Buyout",,,,,,,,,,,,,
,Member of the Board of Directors (Prior),,,,,,,,,,,,,
,Other Relationships: 3 Professional,,,,,,,,,,,,,
,"Kissinger, Henry Alfred - The Paley Center for Media: Trustee",,,,,,,,,,,,,
,Member of the Board of Directors (Prior),,,,,,,,,,,,,
,Other Relationships: 3 Professional,,,,,,,,,,,,,
,"Lewis, Andrew  - Mafco Consolidated Group, Inc.: Director",,,,,,,,,,,,,
,Member of the Board of Directors (Prior),,,,,,,,,,,,,
,0 Other Relationships,,,,,,,,,,,,,
,"McCormack, Mark H. - IMG Worldwide, LLC: Former Founder",,,,,,,,,,,,,
,Member of the Board of Directors (Prior),,,,,,,,,,,,,
,Other Relationships: 2 Professional,,,,,,,,,,,,,
,"Penske, Roger S. - Penske Automotive Group, Inc.: Chairman & CEO",,,,,,,,,,,,,
,Member of the Board of Directors (Prior),,,,,,,,,,,,,
,"Other Relationships: 2 Professional, 1 Personal",,,,,,,,,,,,,
,"Powell, Colin L. - Kleiner Perkins Caufield & Byers: Strategic Advisor",,,,,,,,,,,,,
,Member of the Board of Directors (Prior),,,,,,,,,,,,,
,Other Relationships: 1 Professional,,,,,,,,,,,,,
,"Roche, Gerard R. - Heidrick & Struggles International, Inc.: Former Senior Chairman",,,,,,,,,,,,,
,Member of the Board of Directors (Prior),,,,,,,,,,,,,
,0 Other Relationships,,,,,,,,,,,,,
,"Rumsfeld, Donald - Firetide, Inc.: Senior Advisor",,,,,,,,,,,,,
,Member of the Board of Directors (Prior),,,,,,,,,,,,,
,Other Relationships: 1 Professional,,,,,,,,,,,,,
,"Shultz, George Pratt - Gilead Sciences, Inc.: Former Board Advisor & Director Emeritus",,,,,,,,,,,,,
,Member of the Board of Directors (Prior),,,,,,,,,,,,,
,Other Relationships: 3 Professional,,,,,,,,,,,,,
,"Strauss, Robert S. - Akin Gump Strauss Hauer & Feld LLP: Former Founder and Partner",,,,,,,,,,,,,
,Member of the Board of Directors (Prior),,,,,,,,,,,,,
,Other Relationships: 1 Professional,,,,,,,,,,,,,
,"Burns, Mark L.",,,,,,,,,,,,,
,President,,,,,,,,,,,,,
,Other Relationships: 1 Professional,,,,,,,,,,,,,
,"Clare, Daniel G.",,,,,,,,,,,,,
,Chief Financial Officer,,,,,,,,,,,,,
,Other Relationships: 4 Professional,,,,,,,,,,,,,
,"Stuligross, Dennis",,,,,,,,,,,,,
,Chief Operating Officer,,,,,,,,,,,,,
,0 Other Relationships,,,,,,,,,,,,,
,"Berman, Ira P.",,,,,,,,,,,,,
,Chief Administrative Officer,,,,,,,,,,,,,
,Other Relationships: 1 Professional,,,,,,,,,,,,,
,"Haas, Jeannine",,,,,,,,,,,,,
,Head of Marketing,,,,,,,,,,,,,
,0 Other Relationships,,,,,,,,,,,,,
,"Neal, Scott",,,,,,,,,,,,,
,Head of Sales,,,,,,,,,,,,,
,0 Other Relationships,,,,,,,,,,,,,
,"Ariano, Amy ",,,,,,,,,,,,,
,Head of Human Resources,,,,,,,,,,,,,
,0 Other Relationships,,,,,,,,,,,,,
,"Chong, M. L.",,,,,,,,,,,,,
,Senior Key Executive,,,,,,,,,,,,,
,Other Relationships: 1 Professional,,,,,,,,,,,,,
,"Esling, Trevor ",,,,,,,,,,,,,
,Senior Key Executive,,,,,,,,,,,,,
,Other Relationships: 1 Professional,,,,,,,,,,,,,
,"Nale, Dan ",,,,,,,,,,,,,
,Senior Key Executive,,,,,,,,,,,,,
,0 Other Relationships,,,,,,,,,,,,,
,"Rebello, Fabio",,,,,,,,,,,,,
,Senior Key Executive,,,,,,,,,,,,,
,Other Relationships: 1 Professional,,,,,,,,,,,,,
,"Sperry, Roger ",,,,,,,,,,,,,
,Senior Key Executive,,,,,,,,,,,,,
,0 Other Relationships,,,,,,,,,,,,,
,"Benson, Kimberly ",,,,,,,,,,,,,
,Controller,,,,,,,,,,,,,
,0 Other Relationships,,,,,,,,,,,,,
,"Skinner, Bill ",,,,,,,,,,,,,
,Treasurer,,,,,,,,,,,,,
,0 Other Relationships,,,,,,,,,,,,,
,"Zimmerman, Derek ",,,,,,,,,,,,,
,Unit President,,,,,,,,,,,,,
,Other Relationships: 1 Professional,,,,,,,,,,,,,
,"West, Mike",,,,,,,,,,,,,
,Other Key Executive,,,,,,,,,,,,,
,0 Other Relationships,,,,,,,,,,,,,
,"Flynn, Larry R. - General Aviation Manufacturers Association: Director",,,,,,,,,,,,,
,President (Prior),,,,,,,,,,,,,
,Other Relationships: 1 Professional,,,,,,,,,,,,,
,"Lombardo, Joseph T.",,,,,,,,,,,,,
,President (Prior),,,,,,,,,,,,,
,Other Relationships: 1 Professional,,,,,,,,,,,,,
,"Aiken, Jason W. - CSRA Inc.: VP & Director",,,,,,,,,,,,,
,Chief Financial Officer (Prior),,,,,,,,,,,,,
,Other Relationships: 2 Professional,,,,,,,,,,,,,
,"Reavis, Raynor B.",,,,,,,,,,,,,
,Head of Sales (Prior),,,,,,,,,,,,,
,Other Relationships: 1 Professional,,,,,,,,,,,,,
,"Vadersen, Jennifer Giffen",,,,,,,,,,,,,
,Head of Human Resources (Prior),,,,,,,,,,,,,
,0 Other Relationships,,,,,,,,,,,,,
,"Henne, Preston A. - General Dynamics Corporation: Former Vice President and Senior VP of Programs Engg & Test - Gulfstream...",,,,,,,,,,,,,
,Senior Key Executive (Prior),,,,,,,,,,,,,
,Other Relationships: 1 Professional,,,,,,,,,,,,,
,"Sams, Buddy",,,,,,,,,,,,,
,Senior Key Executive (Prior),,,,,,,,,,,,,
,0 Other Relationships,,,,,,,,,,,,,
,"Anderson, Thomas ",,,,,,,,,,,,,
,Other Key Executive (Prior),,,,,,,,,,,,,
,0 Other Relationships,,,,,,,,,,,,,
,"Arrazola, Bill",,,,,,,,,,,,,
,Other Key Executive (Prior),,,,,,,,,,,,,
,0 Other Relationships,,,,,,,,,,,,,
,"Brink, Kevin ",,,,,,,,,,,,,
,Other Key Executive (Prior),,,,,,,,,,,,,
,0 Other Relationships,,,,,,,,,,,,,
,"Bristol, Clark ",,,,,,,,,,,,,
,Other Key Executive (Prior),,,,,,,,,,,,,
,0 Other Relationships,,,,,,,,,,,,,
,"Brown, Randy ",,,,,,,,,,,,,
,Other Key Executive (Prior),,,,,,,,,,,,,
,0 Other Relationships,,,,,,,,,,,,,
,"Brown, William ",,,,,,,,,,,,,
,Other Key Executive (Prior),,,,,,,,,,,,,
,0 Other Relationships,,,,,,,,,,,,,
,"Buerger, Lawrence ",,,,,,,,,,,,,
,Other Key Executive (Prior),,,,,,,,,,,,,
,0 Other Relationships,,,,,,,,,,,,,
,"Bunke, Jim ",,,,,,,,,,,,,
,Other Key Executive (Prior),,,,,,,,,,,,,
,0 Other Relationships,,,,,,,,,,,,,
,"Byrnes, Greg  - West Star Aviation, Inc.: Director of Sales, Management Companies, Brokers & New Business Development",,,,,,,,,,,,,
,Other Key Executive (Prior),,,,,,,,,,,,,
,Other Relationships: 1 Professional,,,,,,,,,,,,,
,"Choquette, Mitchell",,,,,,,,,,,,,
,Other Key Executive (Prior),,,,,,,,,,,,,
,0 Other Relationships,,,,,,,,,,,,,
,"Clarey, Scott ",,,,,,,,,,,,,
,Other Key Executive (Prior),,,,,,,,,,,,,
,0 Other Relationships,,,,,,,,,,,,,
,"Cole, Jeff",,,,,,,,,,,,,
,Other Key Executive (Prior),,,,,,,,,,,,,
,0 Other Relationships,,,,,,,,,,,,,
,"Collett, Greg ",,,,,,,,,,,,,
,Other Key Executive (Prior),,,,,,,,,,,,,
,0 Other Relationships,,,,,,,,,,,,,
,"Diez, James ",,,,,,,,,,,,,
,Other Key Executive (Prior),,,,,,,,,,,,,
,0 Other Relationships,,,,,,,,,,,,,
,"Dobbins, Jim ",,,,,,,,,,,,,
,Other Key Executive (Prior),,,,,,,,,,,,,
,0 Other Relationships,,,,,,,,,,,,,
,"Drake, Joseph  - Orr Partners LLC: Former Executive Vice President and Director of Project Management",,,,,,,,,,,,,
,Other Key Executive (Prior),,,,,,,,,,,,,
,Other Relationships: 1 Professional,,,,,,,,,,,,,
,"Durrence, Brian ",,,,,,,,,,,,,
,Other Key Executive (Prior),,,,,,,,,,,,,
,0 Other Relationships,,,,,,,,,,,,,
,"Elliott, Becky ",,,,,,,,,,,,,
,Other Key Executive (Prior),,,,,,,,,,,,,
,0 Other Relationships,,,,,,,,,,,,,
,"Fields, Jamie ",,,,,,,,,,,,,
,Other Key Executive (Prior),,,,,,,,,,,,,
,Other Relationships: 1 Professional,,,,,,,,,,,,,
,"Frey, Darrell ",,,,,,,,,,,,,
,Other Key Executive (Prior),,,,,,,,,,,,,
,0 Other Relationships,,,,,,,,,,,,,
,"Gibson, William ",,,,,,,,,,,,,
,Other Key Executive (Prior),,,,,,,,,,,,,
,0 Other Relationships,,,,,,,,,,,,,
,"Gilbert, Franz ",,,,,,,,,,,,,
,Other Key Executive (Prior),,,,,,,,,,,,,
,Other Relationships: 1 Professional,,,,,,,,,,,,,
,"Goodstein, Nicole ",,,,,,,,,,,,,
,Other Key Executive (Prior),,,,,,,,,,,,,
,Other Relationships: 1 Professional,,,,,,,,,,,,,
,"Halsey, Cynthia  - Cessna Aircraft Company Inc.: Former Senior Vice President of Interior Design, Engineering and...",,,,,,,,,,,,,
,Other Key Executive (Prior),,,,,,,,,,,,,
,Other Relationships: 1 Professional,,,,,,,,,,,,,
,"Huff, Thomas ",,,,,,,,,,,,,
,Other Key Executive (Prior),,,,,,,,,,,,,
,0 Other Relationships,,,,,,,,,,,,,
,"Izzard, Lor ",,,,,,,,,,,,,
,Other Key Executive (Prior),,,,,,,,,,,,,
,0 Other Relationships,,,,,,,,,,,,,
,"Johnson, Becky ",,,,,,,,,,,,,
,Other Key Executive (Prior),,,,,,,,,,,,,
,0 Other Relationships,,,,,,,,,,,,,
,"Keller, Caroline ",,,,,,,,,,,,,
,Other Key Executive (Prior),,,,,,,,,,,,,
,0 Other Relationships,,,,,,,,,,,,,
,"Kohler, Mark ",,,,,,,,,,,,,
,Other Key Executive (Prior),,,,,,,,,,,,,
,0 Other Relationships,,,,,,,,,,,,,
,"Kraft, Brad  - BioLegend, Inc.: Former President",,,,,,,,,,,,,
,Other Key Executive (Prior),,,,,,,,,,,,,
,Other Relationships: 1 Professional,,,,,,,,,,,,,
,"Laabs, Greg ",,,,,,,,,,,,,
,Other Key Executive (Prior),,,,,,,,,,,,,
,Other Relationships: 1 Professional,,,,,,,,,,,,,
,"Lane, Cobi ",,,,,,,,,,,,,
,Other Key Executive (Prior),,,,,,,,,,,,,
,0 Other Relationships,,,,,,,,,,,,,
,"Laughead, Russell",,,,,,,,,,,,,
,Other Key Executive (Prior),,,,,,,,,,,,,
,0 Other Relationships,,,,,,,,,,,,,
,"Liu, Matthew ",,,,,,,,,,,,,
,Other Key Executive (Prior),,,,,,,,,,,,,
,0 Other Relationships,,,,,,,,,,,,,
,"McClurg, Beth ",,,,,,,,,,,,,
,Other Key Executive (Prior),,,,,,,,,,,,,
,0 Other Relationships,,,,,,,,,,,,,
,"McLeod, Bill",,,,,,,,,,,,,
,Other Key Executive (Prior),,,,,,,,,,,,,
,0 Other Relationships,,,,,,,,,,,,,
,"Monroe, Brent ",,,,,,,,,,,,,
,Other Key Executive (Prior),,,,,,,,,,,,,
,Other Relationships: 1 Professional,,,,,,,,,,,,,
,"Murphy, Matthew ",,,,,,,,,,,,,
,Other Key Executive (Prior),,,,,,,,,,,,,
,0 Other Relationships,,,,,,,,,,,,,
,"Neely, John J",,,,,,,,,,,,,
,Other Key Executive (Prior),,,,,,,,,,,,,
,0 Other Relationships,,,,,,,,,,,,,
,"Ortega, John ",,,,,,,,,,,,,
,Other Key Executive (Prior),,,,,,,,,,,,,
,0 Other Relationships,,,,,,,,,,,,,
,"Pearman, David ",,,,,,,,,,,,,
,Other Key Executive (Prior),,,,,,,,,,,,,
,0 Other Relationships,,,,,,,,,,,,,
,"Pflieger, Sharon ",,,,,,,,,,,,,
,Other Key Executive (Prior),,,,,,,,,,,,,
,0 Other Relationships,,,,,,,,,,,,,
,"Rivera, Joseph ",,,,,,,,,,,,,
,Other Key Executive (Prior),,,,,,,,,,,,,
,0 Other Relationships,,,,,,,,,,,,,
,"Robinson, Nicolas ",,,,,,,,,,,,,
,Other Key Executive (Prior),,,,,,,,,,,,,
,0 Other Relationships,,,,,,,,,,,,,
,"Rogers, Jenny ",,,,,,,,,,,,,
,Other Key Executive (Prior),,,,,,,,,,,,,
,Other Relationships: 1 Professional,,,,,,,,,,,,,
,"Ruiz, Pedro ",,,,,,,,,,,,,
,Other Key Executive (Prior),,,,,,,,,,,,,
,0 Other Relationships,,,,,,,,,,,,,
,"Russell, Barry",,,,,,,,,,,,,
,Other Key Executive (Prior),,,,,,,,,,,,,
,0 Other Relationships,,,,,,,,,,,,,
,"Sandidge, Matthew ",,,,,,,,,,,,,
,Other Key Executive (Prior),,,,,,,,,,,,,
,0 Other Relationships,,,,,,,,,,,,,
,"Sandler, Luiz ",,,,,,,,,,,,,
,Other Key Executive (Prior),,,,,,,,,,,,,
,0 Other Relationships,,,,,,,,,,,,,
,"Shira, Bill ",,,,,,,,,,,,,
,Other Key Executive (Prior),,,,,,,,,,,,,
,Other Relationships: 1 Professional,,,,,,,,,,,,,
,"Stanton, Allan",,,,,,,,,,,,,
,Other Key Executive (Prior),,,,,,,,,,,,,
,Other Relationships: 1 Professional,,,,,,,,,,,,,
,"Stark, Walter ",,,,,,,,,,,,,
,Other Key Executive (Prior),,,,,,,,,,,,,
,0 Other Relationships,,,,,,,,,,,,,
,"Stone, Jace ",,,,,,,,,,,,,
,Other Key Executive (Prior),,,,,,,,,,,,,
,0 Other Relationships,,,,,,,,,,,,,
,"Tait, Jim ",,,,,,,,,,,,,
,Other Key Executive (Prior),,,,,,,,,,,,,
,0 Other Relationships,,,,,,,,,,,,,
,"Tait, Lee Anne",,,,,,,,,,,,,
,Other Key Executive (Prior),,,,,,,,,,,,,
,0 Other Relationships,,,,,,,,,,,,,
,"Trusis, Rick ",,,,,,,,,,,,,
,Other Key Executive (Prior),,,,,,,,,,,,,
,0 Other Relationships,,,,,,,,,,,,,
,"Whitton, William",,,,,,,,,,,,,
,Other Key Executive (Prior),,,,,,,,,,,,,
,0 Other Relationships,,,,,,,,,,,,,
,"Williams, Bill M.",,,,,,,,,,,,,
,Other Key Executive (Prior),,,,,,,,,,,,,
,0 Other Relationships,,,,,,,,,,,,,
,"Ozbolt, Sean R. - Aurora Capital Partners: Partner",,,,,,,,,,,,,
,Other Professional (Prior),,,,,,,,,,,,,
,Other Relationships: 6 Professional,,,,,,,,,,,,,
"J.Crew Group, Inc.",,,,,,,,,,,,,,
"Other Relationships: 3 Inside Board, 27 Outside Board, 52 Professional",,,,,,,,,,,,,,
,"Leat, Chad A.",,,,,,,,,,,,,
,Chairman of the Board,,,,,,,,,,,,,
,Other Relationships: 2 Professional,,,,,,,,,,,,,
,"Coulter, James George - TPG Capital, L.P.: Co-Founder, Co-CEO & Managing Partner",,,,,,,,,,,,,
,Member of the Board of Directors,,,,,,,,,,,,,
,Other Relationships: 3 Professional,,,,,,,,,,,,,
,"Farbman, Seth ",,,,,,,,,,,,,
,Member of the Board of Directors,,,,,,,,,,,,,
,0 Other Relationships,,,,,,,,,,,,,
,"Feintuch, Richard D.",,,,,,,,,,,,,
,Member of the Board of Directors,,,,,,,,,,,,,
,0 Other Relationships,,,,,,,,,,,,,
,"Solomon, Michael ",,,,,,,,,,,,,
,Member of the Board of Directors,,,,,,,,,,,,,
,0 Other Relationships,,,,,,,,,,,,,
,"Wheeler, Carrie A. - TPG Capital, L.P.: Former Partner and Head of Retail & Consumer Investing",,,,,,,,,,,,,
,Member of the Board of Directors,,,,,,,,,,,,,
,Other Relationships: 2 Professional,,,,,,,,,,,,,
,"Woods, Emily",,,,,,,,,,,,,
,Chairman of the Board (Prior),,,,,,,,,,,,,
,0 Other Relationships,,,,,,,,,,,,,
,"Brett, James W. - Cole Haan LLC: Director",,,,,,,,,,,,,
,Chief Executive Officer (Prior),,,,,,,,,,,,,
,Other Relationships: 2 Professional,,,,,,,,,,,,,
,"Sarvary, Mark A. - Icynene-Lapolla: Former President & CEO",,,,,,,,,,,,,
,Chief Executive Officer (Prior),,,,,,,,,,,,,
,Other Relationships: 5 Professional,,,,,,,,,,,,,
,"Scott, Emily Cinader - The Nantucket Project, LLC: Co-Founder",,,,,,,,,,,,,
,Top Key Executive (Prior),,,,,,,,,,,,,
,Other Relationships: 1 Professional,,,,,,,,,,,,,
,"Coslet, Jonathan J. - TPG Capital, L.P.: Chief Investment Officer, Partner and Senior Partner",,,,,,,,,,,,,
,Chairman of Corporate Governance Committee (Prior),,,,,,,,,,,,,
,Other Relationships: 1 Professional,,,,,,,,,,,,,
,"Weston, Josh S. - Siemens Medical Solutions Health Services Corp.: Director",,,,,,,,,,,,,
,Chairman of Audit Committee (Prior),,,,,,,,,,,,,
,Other Relationships: 1 Professional,,,,,,,,,,,,,
,"Beers, Charlotte L. - A.S. Roma S.P.A.: Independent Director",,,,,,,,,,,,,
,Member of the Board of Directors (Prior),,,,,,,,,,,,,
,0 Other Relationships,,,,,,,,,,,,,
,"Bonderman, David  - TPG Capital, L.P.: Co-Founder, Chairman, Founding Partner & Managing Partner",,,,,,,,,,,,,
,Member of the Board of Directors (Prior),,,,,,,,,,,,,
,Other Relationships: 8 Professional,,,,,,,,,,,,,
,"Boyce, Richard W. - Altamont Capital Management, LLC: Senior Advisor",,,,,,,,,,,,,
,Member of the Board of Directors (Prior),,,,,,,,,,,,,
,Other Relationships: 5 Professional,,,,,,,,,,,,,
,"Brenneman, Gregory Dean - TurnWorks Inc.: Chairman and Chief Executive Officer",,,,,,,,,,,,,
,Member of the Board of Directors (Prior),,,,,,,,,,,,,
,Other Relationships: 3 Professional,,,,,,,,,,,,,
,"Brett, Jim W.",,,,,,,,,,,,,
,Member of the Board of Directors (Prior),,,,,,,,,,,,,
,0 Other Relationships,,,,,,,,,,,,,
,"Burden, John W. - 7thonline, Inc.: Director",,,,,,,,,,,,,
,Member of the Board of Directors (Prior),,,,,,,,,,,,,
,0 Other Relationships,,,,,,,,,,,,,
,"Casati, Mary Ann - Circle Financial Group, LLC: Partner",,,,,,,,,,,,,
,Member of the Board of Directors (Prior),,,,,,,,,,,,,
,Other Relationships: 1 Professional,,,,,,,,,,,,,
,"Danhakl, John G. - Leonard Green & Partners, L.P.: Managing Partner",,,,,,,,,,,,,
,Member of the Board of Directors (Prior),,,,,,,,,,,,,
,Other Relationships: 3 Professional,,,,,,,,,,,,,
,"Grand-Jean, Steven Douglas - Grand-Jean Capital Management, Inc.: President",,,,,,,,,,,,,
,Member of the Board of Directors (Prior),,,,,,,,,,,,,
,Other Relationships: 1 Professional,,,,,,,,,,,,,
,"House, David C. - Raycliff Acquisition Corp.: President and Director",,,,,,,,,,,,,
,Member of the Board of Directors (Prior),,,,,,,,,,,,,
,Other Relationships: 2 Professional,,,,,,,,,,,,,
,"Reisman, Heather M. - Indigo Books & Music Inc.: Founder, Chairman & CEO",,,,,,,,,,,,,
,Member of the Board of Directors (Prior),,,,,,,,,,,,,
,Other Relationships: 5 Professional,,,,,,,,,,,,,
,"Ryan-Berman, Bridget M. - MidOcean Partners LLP: Member of Executive Board",,,,,,,,,,,,,
,Member of the Board of Directors (Prior),,,,,,,,,,,,,
,Other Relationships: 4 Professional,,,,,,,,,,,,,
,"Scott, Thomas W. - PWD1 LLC: Co-Founder and Co-Chairman",,,,,,,,,,,,,
,Member of the Board of Directors (Prior),,,,,,,,,,,,,
,0 Other Relationships,,,,,,,,,,,,,
,"Singh Cassidy, Sukhinder  - Tique, Inc.: Former Founder & Chairman",,,,,,,,,,,,,
,Member of the Board of Directors (Prior),,,,,,,,,,,,,
,Other Relationships: 7 Professional,,,,,,,,,,,,,
,"Sloan, Stuart M. - Anixter International Inc.: Former Director",,,,,,,,,,,,,
,Member of the Board of Directors (Prior),,,,,,,,,,,,,
,0 Other Relationships,,,,,,,,,,,,,
,"Sokoloff, Jonathan D. - Leonard Green & Partners, L.P.: Managing Partner",,,,,,,,,,,,,
,Member of the Board of Directors (Prior),,,,,,,,,,,,,
,Other Relationships: 2 Professional,,,,,,,,,,,,,
,"Squeri, Stephen Joseph - American Express Company: Chairman & CEO",,,,,,,,,,,,,
,Member of the Board of Directors (Prior),,,,,,,,,,,,,
,0 Other Relationships,,,,,,,,,,,,,
,"Swette, Brian Thomas - Sweet Earth, Inc.: President and Director",,,,,,,,,,,,,
,Member of the Board of Directors (Prior),,,,,,,,,,,,,
,0 Other Relationships,,,,,,,,,,,,,
,"Brotman, Adam B. - MOD Super Fast Pizza, LLC: Advisor & Director",,,,,,,,,,,,,
,Co-President,,,,,,,,,,,,,
,Other Relationships: 4 Professional,,,,,,,,,,,,,
,"Nicholson, Michael J.",,,,,,,,,,,,,
,Co-President,,,,,,,,,,,,,
,Other Relationships: 2 Professional,,,,,,,,,,,,,
,"Zanna, Vincent ",,,,,,,,,,,,,
,Chief Financial Officer,,,,,,,,,,,,,
,Other Relationships: 1 Professional,,,,,,,,,,,,,
,"Brooks, Jeremy ",,,,,,,,,,,,,
,Chief Accounting Officer,,,,,,,,,,,,,
,0 Other Relationships,,,,,,,,,,,,,
,"Markoe, Lynda ",,,,,,,,,,,,,
,Chief Administrative Officer,,,,,,,,,,,,,
,Other Relationships: 1 Professional,,,,,,,,,,,,,
,"Greenwald, Lisa ",,,,,,,,,,,,,
,Senior Key Executive,,,,,,,,,,,,,
,0 Other Relationships,,,,,,,,,,,,,
,"Lee, Joyce ",,,,,,,,,,,,,
,Senior Key Executive,,,,,,,,,,,,,
,0 Other Relationships,,,,,,,,,,,,,
,"Rodriguez, Mario J.",,,,,,,,,,,,,
,Senior Key Executive,,,,,,,,,,,,,
,0 Other Relationships,,,,,,,,,,,,,
,"Sikhounmuong, Somsack ",,,,,,,,,,,,,
,Senior Key Executive,,,,,,,,,,,,,
,0 Other Relationships,,,,,,,,,,,,,
,"Uurasjarvi, Johanna ",,,,,,,,,,,,,
,Senior Key Executive,,,,,,,,,,,,,
,Other Relationships: 1 Professional,,,,,,,,,,,,,
,"Willensky, Laura ",,,,,,,,,,,,,
,Senior Key Executive,,,,,,,,,,,,,
,Other Relationships: 1 Professional,,,,,,,,,,,,,
,"Wadle, Libby ",,,,,,,,,,,,,
,Unit President,,,,,,,,,,,,,
,Other Relationships: 1 Professional,,,,,,,,,,,,,
,"Fooshee, Margot Brunelle",,,,,,,,,,,,,
,Other Key Executive,,,,,,,,,,,,,
,0 Other Relationships,,,,,,,,,,,,,
,"Drexler, Millard S.",,,,,,,,,,,,,
,Other Professional,,,,,,,,,,,,,
,Other Relationships: 1 Professional,,,,,,,,,,,,,
,"Pfeifle, Jeffrey A.",,,,,,,,,,,,,
,President (Prior),,,,,,,,,,,,,
,Other Relationships: 4 Professional,,,,,,,,,,,,,
,"Sullivan, Trudy F. - The Talbots Inc.: Director",,,,,,,,,,,,,
,President (Prior),,,,,,,,,,,,,
,Other Relationships: 2 Professional,,,,,,,,,,,,,
,"Lyons, Jenna  - Shake Shack Inc.: Independent Director",,,,,,,,,,,,,
,Co-President (Prior),,,,,,,,,,,,,
,Other Relationships: 1 Professional,,,,,,,,,,,,,
,"Bokman, Amanda J. - ONE Jeanswear Group Inc.: Former Chief Financial Officer, Vice President, Secretary and Treasurer",,,,,,,,,,,,,
,Chief Financial Officer (Prior),,,,,,,,,,,,,
,Other Relationships: 3 Professional,,,,,,,,,,,,,
,"Durkin, Joan M. - LHI Liquidation Co. Inc.: Chief Financial Officer and Senior Vice President of Finance",,,,,,,,,,,,,
,Chief Financial Officer (Prior),,,,,,,,,,,,,
,Other Relationships: 1 Professional,,,,,,,,,,,,,
,"Haselden, Stuart C. - Lululemon Athletica Inc.: Former COO & Executive VP of International",,,,,,,,,,,,,
,Chief Financial Officer (Prior),,,,,,,,,,,,,
,Other Relationships: 1 Professional,,,,,,,,,,,,,
,"Lamberti, Nicholas",,,,,,,,,,,,,
,Chief Financial Officer (Prior),,,,,,,,,,,,,
,Other Relationships: 2 Professional,,,,,,,,,,,,,
,"Rosen, Scott M. - Equinox Holdings, Inc.: President. COO & CEO",,,,,,,,,,,,,
,Chief Financial Officer (Prior),,,,,,,,,,,,,
,Other Relationships: 2 Professional,,,,,,,,,,,,,
,"Scully, James S. - J.Jill, Inc.: Interim CEO & Director",,,,,,,,,,,,,
,Chief Financial Officer (Prior),,,,,,,,,,,,,
,Other Relationships: 3 Professional,,,,,,,,,,,,,
,"Gilbertson, Scott R. - TPG Growth: Partner",,,,,,,,,,,,,
,Chief Operating Officer (Prior),,,,,,,,,,,,,
,Other Relationships: 4 Professional,,,,,,,,,,,,,
,"Killough, Walter - dELiA*s Group, Inc.: Director",,,,,,,,,,,,,
,Chief Operating Officer (Prior),,,,,,,,,,,,,
,0 Other Relationships,,,,,,,,,,,,,
,"Dee, Steve",,,,,,,,,,,,,
,Chief Investment Officer (Prior),,,,,,,,,,,,,
,Other Relationships: 1 Professional,,,,,,,,,,,,,
,"Can, Neco - QUADRES Group LLC: Partner and President",,,,,,,,,,,,,
,Chief Information Officer (Prior),,,,,,,,,,,,,
,Other Relationships: 1 Professional,,,,,,,,,,,,,
,"Fusco, Paul  - CRS Retail Technology Group, Inc.: Former Chief Operating Officer and Group Vice President of Operations -...",,,,,,,,,,,,,
,Chief Information Officer (Prior),,,,,,,,,,,,,
,Other Relationships: 3 Professional,,,,,,,,,,,,,
,"Lesica, Thomas A. - Wolters Kluwer United States Inc.: Former Chief Executive Officer",,,,,,,,,,,,,
,Chief Information Officer (Prior),,,,,,,,,,,,,
,Other Relationships: 5 Professional,,,,,,,,,,,,,
,"Morris, Michael P. - North Castle Partners, LLC: Former Functional Advisor, Emeritus",,,,,,,,,,,,,
,Chief Information Officer (Prior),,,,,,,,,,,,,
,Other Relationships: 4 Professional,,,,,,,,,,,,,
,"Eisenberg, Barbara K. - ANN INC.: Former EVP, Secretary, General Counsel & EVP, Secretary & General...",,,,,,,,,,,,,
,Chief Legal Officer (Prior),,,,,,,,,,,,,
,Other Relationships: 1 Professional,,,,,,,,,,,,,
,"Hong, Arlene S. - Quidsi, Inc.: Former General Counsel",,,,,,,,,,,,,
,Chief Legal Officer (Prior),,,,,,,,,,,,,
,Other Relationships: 1 Professional,,,,,,,,,,,,,
,"Meeker, Jennifer",,,,,,,,,,,,,
,Chief Legal Officer (Prior),,,,,,,,,,,,,
,0 Other Relationships,,,,,,,,,,,,,
,"O'Connor, Jennifer L.",,,,,,,,,,,,,
,Chief Legal Officer (Prior),,,,,,,,,,,,,
,Other Relationships: 2 Professional,,,,,,,,,,,,,
,"Scotti, Diego  - Verizon Communications Inc.: Executive VP & Chief Marketing Officer",,,,,,,,,,,,,
,Head of Marketing (Prior),,,,,,,,,,,,,
,Other Relationships: 2 Professional,,,,,,,,,,,,,
,"Kozel, David F. - PVH Corp.: Executive VP & Chief Human Resources Officer",,,,,,,,,,,,,
,Head of Human Resources (Prior),,,,,,,,,,,,,
,Other Relationships: 2 Professional,,,,,,,,,,,,,
,"Al-Fayez, Roxane - Cornerstone Brands, Inc.: Former President",,,,,,,,,,,,,
,Senior Key Executive (Prior),,,,,,,,,,,,,
,Other Relationships: 5 Professional,,,,,,,,,,,,,
,"Boyer, Kathleen - Eddie Bauer LLC: Chief Merchandising Officer and Senior Vice President",,,,,,,,,,,,,
,Senior Key Executive (Prior),,,,,,,,,,,,,
,Other Relationships: 4 Professional,,,,,,,,,,,,,
,"Dadario, Michael ",,,,,,,,,,,,,
,Senior Key Executive (Prior),,,,,,,,,,,,,
,Other Relationships: 4 Professional,,,,,,,,,,,,,
,"Donnelly, Trish  - Urban Outfitters, Inc.: Chief Executive Officer of Urban Outfitters Group",,,,,,,,,,,,,
,Senior Key Executive (Prior),,,,,,,,,,,,,
,Other Relationships: 1 Professional,,,,,,,,,,,,,
,"Formby, Scott  - Indigo Books & Music Inc.: Former Chief Creative Officer",,,,,,,,,,,,,
,Senior Key Executive (Prior),,,,,,,,,,,,,
,Other Relationships: 1 Professional,,,,,,,,,,,,,
,"Foyle, Jennifer M. - Calypso: President",,,,,,,,,,,,,
,Senior Key Executive (Prior),,,,,,,,,,,,,
,Other Relationships: 3 Professional,,,,,,,,,,,,,
,"Gardner, Tracy  - StyleOwner, Inc.: Partner and Director",,,,,,,,,,,,,
,Senior Key Executive (Prior),,,,,,,,,,,,,
,Other Relationships: 2 Professional,,,,,,,,,,,,,
,"Hyatt, Scott D. - Lands' End, Inc.: Former Chief Sourcing & Supply Chain Officer and Executive Vice President",,,,,,,,,,,,,
,Senior Key Executive (Prior),,,,,,,,,,,,,
,Other Relationships: 3 Professional,,,,,,,,,,,,,
,"Mora, Tom  - Cole Haan LLC: Creative Director of Women's & Licensed Product",,,,,,,,,,,,,
,Senior Key Executive (Prior),,,,,,,,,,,,,
,Other Relationships: 1 Professional,,,,,,,,,,,,,
,"Potter, Libby J.",,,,,,,,,,,,,
,Senior Key Executive (Prior),,,,,,,,,,,,,
,0 Other Relationships,,,,,,,,,,,,,
,"Sargent, Ashley",,,,,,,,,,,,,
,Senior Key Executive (Prior),,,,,,,,,,,,,
,0 Other Relationships,,,,,,,,,,,,,
,"Sharpe, Carol - Kenneth Cole Productions Inc.: Former Senior Vice President of Consumer Direct",,,,,,,,,,,,,
,Senior Key Executive (Prior),,,,,,,,,,,,,
,Other Relationships: 1 Professional,,,,,,,,,,,,,
,"Walsh, Mark T. - Avenue Stores, LLC: Chief Executive Officer",,,,,,,,,,,,,
,Senior Key Executive (Prior),,,,,,,,,,,,,
,Other Relationships: 5 Professional,,,,,,,,,,,,,
,"Anders, Richard M.",,,,,,,,,,,,,
,Unit President (Prior),,,,,,,,,,,,,
,0 Other Relationships,,,,,,,,,,,,,
,"Cohen, Holly - Claire's Stores Inc.: Former Senior Vice President of Global Real Estate & Construction",,,,,,,,,,,,,
,Other Key Executive (Prior),,,,,,,,,,,,,
,Other Relationships: 1 Professional,,,,,,,,,,,,,
,"Stokes, Colleen",,,,,,,,,,,,,
,Other Key Executive (Prior),,,,,,,,,,,,,
,0 Other Relationships,,,,,,,,,,,,,
Yankee Holding Corp.,,,,,,,,,,,,,,
"Other Relationships: 2 Inside Board, 23 Outside Board, 23 Professional",,,,,,,,,,,,,,
,"Copans, Richard H. - Madison Dearborn Partners, LLC: MD & Co-Head Basic Industries",,,,,,,,,,,,,
,Chairman of Audit Committee,,,,,,,,,,,,,
,Other Relationships: 3 Professional,,,,,,,,,,,,,
,"Bifulco, Frank P.",,,,,,,,,,,,,
,Member of the Board of Directors,,,,,,,,,,,,,
,Other Relationships: 6 Professional,,,,,,,,,,,,,
,"Burman, Terry Lee - Abercrombie & Fitch Co.: Independent Non-Executive Chairman",,,,,,,,,,,,,
,Member of the Board of Directors,,,,,,,,,,,,,
,0 Other Relationships,,,,,,,,,,,,,
,"Kent, Harlan M.",,,,,,,,,,,,,
,Member of the Board of Directors,,,,,,,,,,,,,
,Other Relationships: 2 Professional,,,,,,,,,,,,,
,"Macejko, Thomas T.",,,,,,,,,,,,,
,Member of the Board of Directors,,,,,,,,,,,,,
,Other Relationships: 2 Professional,,,,,,,,,,,,,
,"Sullivan, Trudy F. - The Talbots Inc.: Director",,,,,,,,,,,,,
,Member of the Board of Directors,,,,,,,,,,,,,
,Other Relationships: 3 Professional,,,,,,,,,,,,,
,"Kittredge, Michael J.",,,,,,,,,,,,,
,Chairman of the Board (Prior),,,,,,,,,,,,,
,0 Other Relationships,,,,,,,,,,,,,
,"Rydin, Craig W. - LNK Partners, LLC: Operating Partner",,,,,,,,,,,,,
,Chairman of the Board (Prior),,,,,,,,,,,,,
,Other Relationships: 2 Professional,,,,,,,,,,,,,
,"Spellman, Robert R. - LNK Partners, LLC: Operating Partner",,,,,,,,,,,,,
,Chief Financial Officer (Prior),,,,,,,,,,,,,
,Other Relationships: 4 Professional,,,,,,,,,,,,,
,"Frey, Dale F. - GE Investments: Former Chairman of the Board and President",,,,,,,,,,,,,
,Chairman of Audit Committee (Prior),,,,,,,,,,,,,
,Other Relationships: 1 Professional,,,,,,,,,,,,,
,"Horbach, Sandra J. - The Carlyle Group Inc.: MD & Co-Head of U.S. Buyout",,,,,,,,,,,,,
,Chairman of Compensation Committee (Prior),,,,,,,,,,,,,
,Other Relationships: 3 Professional,,,,,,,,,,,,,
,"Peinado, George A. - CDW Finance Corporation: Director",,,,,,,,,,,,,
,Chairman of Audit Committee (Prior),,,,,,,,,,,,,
,Other Relationships: 5 Professional,,,,,,,,,,,,,
,"Sargent, Ronald L. - Staples Contract and Commercial, Inc.: Chairman of Staples Inc and Chief Executive Officer of Staples Inc",,,,,,,,,,,,,
,Chairman of Corporate Governance Committee (Prior),,,,,,,,,,,,,
,0 Other Relationships,,,,,,,,,,,,,
,"Selati, Robin Paul - Madison Dearborn Partners, LLC: Senior Advisor",,,,,,,,,,,,,
,Chairman of Compensation Committee (Prior),,,,,,,,,,,,,
,Other Relationships: 2 Professional,,,,,,,,,,,,,
,"Archbold, Michael G. - Express, Inc.: Independent Director",,,,,,,,,,,,,
,Member of the Board of Directors (Prior),,,,,,,,,,,,,
,Other Relationships: 8 Professional,,,,,,,,,,,,,
,"Forstmann, Theodore J. - Gulfstream Aerospace Corporation: Former Chairman of the Board and Chief Executive Officer",,,,,,,,,,,,,
,Member of the Board of Directors (Prior),,,,,,,,,,,,,
,Other Relationships: 2 Professional,,,,,,,,,,,,,
,"Hines, Michael F. - Galyan's Trading Company, LLC: Vice President, Secretary and Treasurer",,,,,,,,,,,,,
,Member of the Board of Directors (Prior),,,,,,,,,,,,,
,Other Relationships: 3 Professional,,,,,,,,,,,,,
,"Klinsky, Steven Bruce - Inmar Holdings Inc.: Director and Executive Officer",,,,,,,,,,,,,
,Member of the Board of Directors (Prior),,,,,,,,,,,,,
,Other Relationships: 6 Professional,,,,,,,,,,,,,
,"Meyrowitz, Carol M. - The TJX Companies, Inc.: Executive Chairman",,,,,,,,,,,,,
,Member of the Board of Directors (Prior),,,,,,,,,,,,,
,Other Relationships: 4 Professional,,,,,,,,,,,,,
,"Nicholls, Jamie C. - Cold Spring Harbor Laboratory Inc.: Chairman of the Board of Trustees",,,,,,,,,,,,,
,Member of the Board of Directors (Prior),,,,,,,,,,,,,
,Other Relationships: 1 Professional,,,,,,,,,,,,,
,"O'Connell, Robert J. - MassMutual Holding LLC: President, CEO and Chairman",,,,,,,,,,,,,
,Member of the Board of Directors (Prior),,,,,,,,,,,,,
,0 Other Relationships,,,,,,,,,,,,,
,"Polk, Michael B. - Newell Brands Inc.: Former CEO, President & Director",,,,,,,,,,,,,
,Member of the Board of Directors (Prior),,,,,,,,,,,,,
,Other Relationships: 4 Professional,,,,,,,,,,,,,
,"Scott, Emily Cinader - The Nantucket Project, LLC: Co-Founder",,,,,,,,,,,,,
,Member of the Board of Directors (Prior),,,,,,,,,,,,,
,Other Relationships: 1 Professional,,,,,,,,,,,,,
,"Vishwanath, Vijay - Staples, Inc.: Former Independent Director",,,,,,,,,,,,,
,Member of the Board of Directors (Prior),,,,,,,,,,,,,
,0 Other Relationships,,,,,,,,,,,,,
,"Wright, Doreen A. - Crocs, Inc.: Independent Director",,,,,,,,,,,,,
,Member of the Board of Directors (Prior),,,,,,,,,,,,,
,Other Relationships: 3 Professional,,,,,,,,,,,,,
,"McCarthy, Lisa K.",,,,,,,,,,,,,
,Chief Financial Officer,,,,,,,,,,,,,
,Other Relationships: 1 Professional,,,,,,,,,,,,,
,"Perley, James A.",,,,,,,,,,,,,
,Chief Operating Officer,,,,,,,,,,,,,
,Other Relationships: 2 Professional,,,,,,,,,,,,,
,"Rubeck, Arthur F.",,,,,,,,,,,,,
,Senior Key Executive,,,,,,,,,,,,,
,Other Relationships: 2 Professional,,,,,,,,,,,,,
,"Parry, Michael D.",,,,,,,,,,,,,
,Chief Executive Officer (Prior),,,,,,,,,,,,,
,0 Other Relationships,,,,,,,,,,,,,
,"Besanko, Bruce H. - Kohl's Corporation: Former Senior Advisor",,,,,,,,,,,,,
,Chief Financial Officer (Prior),,,,,,,,,,,,,
,Other Relationships: 6 Professional,,,,,,,,,,,,,
,"Hartman, Bruce A. - rue21, Inc.: Director",,,,,,,,,,,,,
,Chief Financial Officer (Prior),,,,,,,,,,,,,
,Other Relationships: 3 Professional,,,,,,,,,,,,,
,"Hunt, Gregory William - Apollo Investment Corporation: CFO & Treasurer",,,,,,,,,,,,,
,Chief Financial Officer (Prior),,,,,,,,,,,,,
,Other Relationships: 8 Professional,,,,,,,,,,,,,
,"Lynch, Gerald F.",,,,,,,,,,,,,
,Chief Accounting Officer (Prior),,,,,,,,,,,,,
,0 Other Relationships,,,,,,,,,,,,,
,"Medina, Edward R. - Origin Healthcare Solutions LLC: Chief Financial Officer",,,,,,,,,,,,,
,Chief Accounting Officer (Prior),,,,,,,,,,,,,
,Other Relationships: 2 Professional,,,,,,,,,,,,,
,"Barron, Howard",,,,,,,,,,,,,
,Chief Information Officer (Prior),,,,,,,,,,,,,
,Other Relationships: 1 Professional,,,,,,,,,,,,,
,"Wolansky, Brad H. - Dover Saddlery, Inc.: Chief Executive Officer and Director",,,,,,,,,,,,,
,Head of Marketing (Prior),,,,,,,,,,,,,
,Other Relationships: 2 Professional,,,,,,,,,,,,,
,"LaCroix, Martha S.",,,,,,,,,,,,,
,Head of Human Resources (Prior),,,,,,,,,,,,,
,Other Relationships: 2 Professional,,,,,,,,,,,,,
,"Farley, Stephen  - Bombay Company Inc.: Former Executive Vice President of Marketing and Merchandising",,,,,,,,,,,,,
,Senior Key Executive (Prior),,,,,,,,,,,,,
,Other Relationships: 3 Professional,,,,,,,,,,,,,
,"Flood, Gail M.",,,,,,,,,,,,,
,Senior Key Executive (Prior),,,,,,,,,,,,,
,0 Other Relationships,,,,,,,,,,,,,
,"Hill, Paul J.",,,,,,,,,,,,,
,Senior Key Executive (Prior),,,,,,,,,,,,,
,0 Other Relationships,,,,,,,,,,,,,
,"Klein, Hope Margala - The Yankee Candle Company, Inc.: CEO & President",,,,,,,,,,,,,
,Senior Key Executive (Prior),,,,,,,,,,,,,
,Other Relationships: 2 Professional,,,,,,,,,,,,,
,"Klimach, Lori A.",,,,,,,,,,,,,
,Senior Key Executive (Prior),,,,,,,,,,,,,
,0 Other Relationships,,,,,,,,,,,,,
,"Norris, Deborah",,,,,,,,,,,,,
,Senior Key Executive (Prior),,,,,,,,,,,,,
,Other Relationships: 2 Professional,,,,,,,,,,,,,
,"Thorne, Michael",,,,,,,,,,,,,
,Senior Key Executive (Prior),,,,,,,,,,,,,
,Other Relationships: 2 Professional,,,,,,,,,,,,,
,"Williams, Stephen T.",,,,,,,,,,,,,
,Senior Key Executive (Prior),,,,,,,,,,,,,
,0 Other Relationships,,,,,,,,,,,,,
,"Winiecki, Alexander M. - YCC Holdings LLC: Senior Vice President of Retail",,,,,,,,,,,,,
,Senior Key Executive (Prior),,,,,,,,,,,,,
,Other Relationships: 3 Professional,,,,,,,,,,,,,
,"Fontana, Nathel John - YCC Holdings LLC: President of International",,,,,,,,,,,,,
,Unit President (Prior),,,,,,,,,,,,,
,Other Relationships: 7 Professional,,,,,,,,,,,,,
,"Ruffolo, Richard R.",,,,,,,,,,,,,
,Other Key Executive (Prior),,,,,,,,,,,,,
,0 Other Relationships,,,,,,,,,,,,,
Opsware Inc.,,,,,,,,,,,,,,
"Other Relationships: 1 Inside Board, 5 Outside Board, 33 Professional",,,,,,,,,,,,,,
,"Horowitz, Benjamin A. - Usermind, Inc.: Founder",,,,,,,,,,,,,
,Chief Executive Officer (Prior),,,,,,,,,,,,,
,Other Relationships: 11 Professional,,,,,,,,,,,,,
,"Campbell, William V. - Apple Inc.: Former Miscellaneous",,,,,,,,,,,,,
,Chairman of Compensation Committee (Prior),,,,,,,,,,,,,
,Other Relationships: 3 Professional,,,,,,,,,,,,,
,"Lorne, Simon Michael - Millennium Management LLC: Chief Legal Officer & Vice Chairman",,,,,,,,,,,,,
,Chairman of Audit Committee (Prior),,,,,,,,,,,,,
,0 Other Relationships,,,,,,,,,,,,,
,"Homer, Michael - Kollective Technology Inc.: Co-Founder",,,,,,,,,,,,,
,Member of the Board of Directors (Prior),,,,,,,,,,,,,
,Other Relationships: 2 Professional,,,,,,,,,,,,,
,"Rachleff, Andrew S. - Wealthfront Advisers, LLC: Director, Executive Chairman & CEO",,,,,,,,,,,,,
,Member of the Board of Directors (Prior),,,,,,,,,,,,,
,Other Relationships: 6 Professional,,,,,,,,,,,,,
,"Volpi, Michelangelo A.  - Index Ventures SA: Partner & General Partner",,,,,,,,,,,,,
,Member of the Board of Directors (Prior),,,,,,,,,,,,,
,Other Relationships: 9 Professional,,,,,,,,,,,,,
,"Andreessen, Marc Lowell - Andreessen Horowitz LLC: Co-Founder & General Partner",,,,,,,,,,,,,
,Top Key Executive (Prior),,,,,,,,,,,,,
,Other Relationships: 7 Professional,,,,,,,,,,,,,
,"Howes, Timothy A. - ClearStory Data Inc.: Chief Technology Officer",,,,,,,,,,,,,
,Top Key Executive (Prior),,,,,,,,,,,,,
,Other Relationships: 1 Professional,,,,,,,,,,,,,
,"Abrams, Sharlene - Mercury Interactive Corp.: Former Chief Financial Officer, Vice President of Finance &...",,,,,,,,,,,,,
,Chief Financial Officer (Prior),,,,,,,,,,,,,
,Other Relationships: 1 Professional,,,,,,,,,,,,,
,"Conte, David F. - Splunk Inc.: Former Senior Vice President of Finance",,,,,,,,,,,,,
,Chief Financial Officer (Prior),,,,,,,,,,,,,
,Other Relationships: 2 Professional,,,,,,,,,,,,,
,"Sherwood, Roderick M. - CompuDyne Corporation: Chairman and Vice President",,,,,,,,,,,,,
,Chief Financial Officer (Prior),,,,,,,,,,,,,
,Other Relationships: 8 Professional,,,,,,,,,,,,,
,"Cranney, Mark  - SignalFx, Inc.: Former Chief Commercial Officer & COO",,,,,,,,,,,,,
,Chief Operating Officer (Prior),,,,,,,,,,,,,
,Other Relationships: 3 Professional,,,,,,,,,,,,,
,"Heiliger, Jonathan G. - Coolan, Inc.: Founder",,,,,,,,,,,,,
,Chief Operating Officer (Prior),,,,,,,,,,,,,
,Other Relationships: 11 Professional,,,,,,,,,,,,,
,"Tinsley, Ken  - Splunk Inc.: Head of Investor Relations",,,,,,,,,,,,,
,Head of Investor Relations (Prior),,,,,,,,,,,,,
,Other Relationships: 1 Professional,,,,,,,,,,,,,
,"Breslow, Jordan - Etsy, Inc.: Former General Counsel and Secretary",,,,,,,,,,,,,
,Chief Legal Officer (Prior),,,,,,,,,,,,,
,Other Relationships: 3 Professional,,,,,,,,,,,,,
,"Nieva-Woodgate, Alicia V.",,,,,,,,,,,,,
,Head of Corporate Communications (Prior),,,,,,,,,,,,,
,Other Relationships: 1 Professional,,,,,,,,,,,,,
,"Archambeau, Shellye L. - Verizon Communications Inc.: Independent Director",,,,,,,,,,,,,
,Head of Marketing (Prior),,,,,,,,,,,,,
,Other Relationships: 2 Professional,,,,,,,,,,,,,
,"Dimitriou, James T. - Tatum, LLC: Regional Managing Partner of Central & Northeast",,,,,,,,,,,,,
,Head of Sales (Prior),,,,,,,,,,,,,
,Other Relationships: 2 Professional,,,,,,,,,,,,,
,"O'Farrell, John L. - Andreessen Horowitz LLC: General Partner",,,,,,,,,,,,,
,Head of Corporate Development (Prior),,,,,,,,,,,,,
,Other Relationships: 3 Professional,,,,,,,,,,,,,
,"Shahani-Mulligan, Sharmila  - ClearStory Data Inc.: Founder & CEO",,,,,,,,,,,,,
,Head of Marketing (Prior),,,,,,,,,,,,,
,Other Relationships: 3 Professional,,,,,,,,,,,,,
,"Schiltz, Shannon ",,,,,,,,,,,,,
,Head of Human Resources (Prior),,,,,,,,,,,,,
,0 Other Relationships,,,,,,,,,,,,,
,"Adkins, Jim",,,,,,,,,,,,,
,Senior Key Executive (Prior),,,,,,,,,,,,,
,Other Relationships: 1 Professional,,,,,,,,,,,,,
,"Gupta, Sachin  - Apptio, Inc.: Co-Founder, CEO, President & Director",,,,,,,,,,,,,
,Senior Key Executive (Prior),,,,,,,,,,,,,
,0 Other Relationships,,,,,,,,,,,,,
,"Katz, Charles J.",,,,,,,,,,,,,
,Senior Key Executive (Prior),,,,,,,,,,,,,
,0 Other Relationships,,,,,,,,,,,,,
,"Rowland, Colin  - Apptio, Inc.: Former Senior Vice President of EMEA",,,,,,,,,,,,,
,Senior Key Executive (Prior),,,,,,,,,,,,,
,Other Relationships: 3 Professional,,,,,,,,,,,,,
,"Bussadori, Marco - PowWow, Inc.: Senior Vice President of Worldwide Sales and Marketing",,,,,,,,,,,,,
,Other Key Executive (Prior),,,,,,,,,,,,,
,Other Relationships: 4 Professional,,,,,,,,,,,,,
,"Chiang, Patrick - AliphCom, Inc.: Former Chief Financial officer and Director of Finance and Strategic...",,,,,,,,,,,,,
,Other Key Executive (Prior),,,,,,,,,,,,,
,Other Relationships: 2 Professional,,,,,,,,,,,,,
,"Dubois, Rémy  - Kyriba Corp.: Chief Growth & Value Officer",,,,,,,,,,,,,
,Other Key Executive (Prior),,,,,,,,,,,,,
,Other Relationships: 1 Professional,,,,,,,,,,,,,
,"Helmi, Keno  - 30 Second Software, Inc.: Former Chief Revenue Officer",,,,,,,,,,,,,
,Other Key Executive (Prior),,,,,,,,,,,,,
,Other Relationships: 2 Professional,,,,,,,,,,,,,
,"Johnson, Eric W. - Rendition Networks, Inc.: Co-Founder",,,,,,,,,,,,,
,Other Key Executive (Prior),,,,,,,,,,,,,
,Other Relationships: 1 Professional,,,,,,,,,,,,,
,"Joyce, Patrick",,,,,,,,,,,,,
,Other Key Executive (Prior),,,,,,,,,,,,,
,0 Other Relationships,,,,,,,,,,,,,
,"Kupor, Scott  - Andreessen Horowitz LLC: Managing Partner, MD & COO",,,,,,,,,,,,,
,Other Key Executive (Prior),,,,,,,,,,,,,
,Other Relationships: 1 Professional,,,,,,,,,,,,,
,"Nishimura, Masahiro",,,,,,,,,,,,,
,Other Key Executive (Prior),,,,,,,,,,,,,
,0 Other Relationships,,,,,,,,,,,,,
,"Rhee, In Sik - Vertex Ventures: Founder and General Partner",,,,,,,,,,,,,
,Other Key Executive (Prior),,,,,,,,,,,,,
,Other Relationships: 7 Professional,,,,,,,,,,,,,
,"Su, Steve - MongoDB, Inc.: Area Vice President of the Greater China Region",,,,,,,,,,,,,
,Other Key Executive (Prior),,,,,,,,,,,,,
,Other Relationships: 1 Professional,,,,,,,,,,,,,
,"Green, Michael I. - Innovation Works: Director",,,,,,,,,,,,,
,Other Professional (Prior),,,,,,,,,,,,,
,Other Relationships: 1 Professional,,,,,,,,,,,,,
,"Mannor, Adi",,,,,,,,,,,,,
,Other Professional (Prior),,,,,,,,,,,,,
,Other Relationships: 4 Professional,,,,,,,,,,,,,
,"Schuder, Ray  - Hewlett Packard Pathfinder: Managing Director and Senior Director",,,,,,,,,,,,,
,Other Professional (Prior),,,,,,,,,,,,,
,Other Relationships: 9 Professional,,,,,,,,,,,,,
,"Wilsey, Ryan S. - Victory Capital Management Inc.: Portfolio Manager",,,,,,,,,,,,,
,Other Professional (Prior),,,,,,,,,,,,,
,Other Relationships: 10 Professional,,,,,,,,,,,,,
"Creative Artists Agency, LLC",,,,,,,,,,,,,,
"Other Relationships: 3 Inside Board, 3 Outside Board, 13 Professional",,,,,,,,,,,,,,
,"Lourd, Bryan ",,,,,,,,,,,,,
,Co-Chairman of the Board,,,,,,,,,,,,,
,0 Other Relationships,,,,,,,,,,,,,
,"Huvane, Kevin S.",,,,,,,,,,,,,
,Senior Key Executive,,,,,,,,,,,,,
,0 Other Relationships,,,,,,,,,,,,,
,"Greenlees, Michael Edward - Rockabox Media Ltd.: Chairman of The Board",,,,,,,,,,,,,
,Member of the Board of Directors,,,,,,,,,,,,,
,Other Relationships: 2 Professional,,,,,,,,,,,,,
,"Gabler, Lee",,,,,,,,,,,,,
,Co-Chairman of the Board (Prior),,,,,,,,,,,,,
,0 Other Relationships,,,,,,,,,,,,,
,"Nicita, Rick - Morgan Creek Productions, Inc.: Co-Chairman and Chief Operating Officer",,,,,,,,,,,,,
,Co-Chairman of the Board (Prior),,,,,,,,,,,,,
,0 Other Relationships,,,,,,,,,,,,,
,"Levinson, Linda Fayne - Jacobs Engineering Group Inc.: Independent Director",,,,,,,,,,,,,
,Member of the Board of Directors (Prior),,,,,,,,,,,,,
,Other Relationships: 4 Professional,,,,,,,,,,,,,
,"Lovett, Richard ",,,,,,,,,,,,,
,President,,,,,,,,,,,,,
,0 Other Relationships,,,,,,,,,,,,,
,"Rubel, Michael ",,,,,,,,,,,,,
,Top Key Executive,,,,,,,,,,,,,
,0 Other Relationships,,,,,,,,,,,,,
,"Burtson, James E.",,,,,,,,,,,,,
,Chief Financial Officer,,,,,,,,,,,,,
,Other Relationships: 1 Professional,,,,,,,,,,,,,
,"Keithley, Michael ",,,,,,,,,,,,,
,Chief Information Officer,,,,,,,,,,,,,
,0 Other Relationships,,,,,,,,,,,,,
,"Hasker, Stephen John",,,,,,,,,,,,,
,Unit CEO,,,,,,,,,,,,,
,Other Relationships: 4 Professional,,,,,,,,,,,,,
,"Berry, Jeff M. - Physicians Formula Cosmetics, Inc.: Director",,,,,,,,,,,,,
,Chief Financial Officer (Prior),,,,,,,,,,,,,
,Other Relationships: 2 Professional,,,,,,,,,,,,,
,"Clark, Lawrence S. - Legend Pictures, LLC: Chief Financial Officer, Chief Operating Officer and Director",,,,,,,,,,,,,
,Chief Financial Officer (Prior),,,,,,,,,,,,,
,Other Relationships: 4 Professional,,,,,,,,,,,,,
,"Windsor, Mike - Major League Gaming Corp.: Member of Advisory Board",,,,,,,,,,,,,
,Head of Marketing (Prior),,,,,,,,,,,,,
,0 Other Relationships,,,,,,,,,,,,,
,"Climan, Sanford R. - All Nippon Entertainment Works, Inc.: CEO & Representative Director",,,,,,,,,,,,,
,Other Key Executive (Prior),,,,,,,,,,,,,
,Other Relationships: 6 Professional,,,,,,,,,,,,,
,"Jacobs, Peter B.",,,,,,,,,,,,,
,Other Key Executive (Prior),,,,,,,,,,,,,
,0 Other Relationships,,,,,,,,,,,,,
,"Yavor, Amie ",,,,,,,,,,,,,
,Other Key Executive (Prior),,,,,,,,,,,,,
,0 Other Relationships,,,,,,,,,,,,,
,"Dekel, Elie  - Saban Capital Group, LLC.: President, Saban Brands",,,,,,,,,,,,,
,Other Professional (Prior),,,,,,,,,,,,,
,Other Relationships: 6 Professional,,,,,,,,,,,,,
,"Fishman, Roger - e-partners: General Partner and Chief Operating Officer",,,,,,,,,,,,,
,Other Professional (Prior),,,,,,,,,,,,,
,Other Relationships: 1 Professional,,,,,,,,,,,,,
,,,,,,,,,,,,,,
*  Denotes a professional or company related to its parent by means of a proprietary relationship,,,,,,,,,,,,,,